file_name,size
ID_9ea507b62.jpg,827205
ID_308740c55.jpg,918114
ID_31d304152.jpg,856269
ID_fc949ae29.jpg,946528
ID_ea4a03a6c.jpg,908565
ID_d83c8cf22.jpg,872510
ID_56be15877.jpg,841310
ID_6c1fc8af9.jpg,1137720
ID_7f6f07350.jpg,952483
ID_ddf4a97a3.jpg,871369
ID_a15d53e38.jpg,1012208
ID_cac4f9eb1.jpg,923496
ID_785e2309f.jpg,971546
ID_94cc40a1a.jpg,1050798
ID_175ade1ed.jpg,970663
ID_881a9e9e1.jpg,1013103
ID_0126e9051.jpg,890682
ID_19afce0de.jpg,928864
ID_4f54578d0.jpg,819676
ID_6e2f713ca.jpg,865569
ID_83037d345.jpg,887922
ID_90e2a8755.jpg,1150525
ID_68d5ab49f.jpg,1126263
ID_83ab51dbb.jpg,855859
ID_d4d08cd2a.jpg,1219372
ID_48851fb6e.jpg,900332
ID_8c3187251.jpg,1093451
ID_c316009a9.jpg,851952
ID_6a3d3265e.jpg,1094428
ID_1ca09dda6.jpg,980566
ID_5b0ffed91.jpg,1080204
ID_66af196be.jpg,983363
ID_00f8d4e89.jpg,898242
ID_5f1d09a68.jpg,1167095
ID_3a8fff336.jpg,1139245
ID_729b2dd5e.jpg,960232
ID_d1d8064ff.jpg,845866
ID_8b5bf00a0.jpg,1120740
ID_0836f8f13.jpg,907600
ID_c0d3f4329.jpg,1082673
ID_6034f80b3.jpg,854595
ID_3bca1b0f7.jpg,1053511
ID_2cf359938.jpg,1087409
ID_2cec15486.jpg,881207
ID_ef3b36bfa.jpg,1003743
ID_e1f44d103.jpg,972992
ID_769283813.jpg,962492
ID_d31498677.jpg,1093273
ID_30ce38908.jpg,1343419
ID_780cc2829.jpg,1333015
ID_eacad0645.jpg,834773
ID_8970994b2.jpg,966118
ID_6e20f4570.jpg,906316
ID_409ead651.jpg,827497
ID_08b42e64c.jpg,832979
ID_63dcb8dc1.jpg,941000
ID_9c310ede0.jpg,1141853
ID_2d77faf70.jpg,832790
ID_3c5d323ce.jpg,1107658
ID_cee59b90e.jpg,1065194
ID_e2b0e862e.jpg,897658
ID_5e4083a61.jpg,1094367
ID_535507fb7.jpg,838006
ID_5a7b3def8.jpg,1027694
ID_568986799.jpg,1072498
ID_b6c16c7fb.jpg,1106449
ID_c32e65640.jpg,1154621
ID_be8a2ce07.jpg,1375756
ID_9861f0582.jpg,926896
ID_72589317e.jpg,895656
ID_034cdfa4e.jpg,930031
ID_7ee5319d8.jpg,851649
ID_a32edb2a7.jpg,1105621
ID_6695e6d69.jpg,837353
ID_64b3ffe3d.jpg,831473
ID_dc89e4828.jpg,863978
ID_565c40c14.jpg,884113
ID_bcfedeae5.jpg,868367
ID_e3842fd66.jpg,855236
ID_d1dce995a.jpg,825612
ID_f8750e259.jpg,1112022
ID_6f008fc2e.jpg,1132478
ID_5dad15b3b.jpg,863840
ID_2db3e1eb9.jpg,866808
ID_c74897aed.jpg,987479
ID_612e8cd9a.jpg,827353
ID_ab8f07985.jpg,849651
ID_48ecfa2bd.jpg,918014
ID_5b9df2aa0.jpg,828597
ID_c607d49fc.jpg,976409
ID_c66e5123c.jpg,1500629
ID_ba9d486d2.jpg,875382
ID_3278e11f8.jpg,820268
ID_d46e19ffb.jpg,864674
ID_4c960b117.jpg,1171363
ID_e310ce799.jpg,1178058
ID_07a37bb6d.jpg,1070036
ID_13e8cbf5c.jpg,1094831
ID_ef8228a54.jpg,902110
ID_9e0211ff3.jpg,884099
ID_816f2c0c9.jpg,1224807
ID_604f39253.jpg,1167923
ID_fdf86a38d.jpg,823644
ID_8446f6c6a.jpg,947991
ID_d03ddcec6.jpg,857963
ID_dad8242c5.jpg,898376
ID_c209ada3e.jpg,858737
ID_3f3340698.jpg,891891
ID_2e808c4f0.jpg,1046751
ID_831626236.jpg,1069848
ID_b35b0971e.jpg,1014703
ID_432d2db6f.jpg,1089932
ID_c8f83fa91.jpg,859072
ID_5b278a31f.jpg,841583
ID_430fdbcb9.jpg,835047
ID_c5c85e08d.jpg,982324
ID_59201df23.jpg,1105764
ID_5b95a8fe8.jpg,826312
ID_cba19338b.jpg,1280807
ID_4d0912aa7.jpg,885056
ID_8d4a23268.jpg,1026799
ID_7f039d985.jpg,925965
ID_af37d0327.jpg,881016
ID_4871feef6.jpg,1325635
ID_bd309d1e4.jpg,1026583
ID_9010b3bb0.jpg,931333
ID_ced4839eb.jpg,870020
ID_cd7f8671a.jpg,1242948
ID_28fb73cb6.jpg,1089580
ID_01baf7cd9.jpg,1088870
ID_a7ed67ec7.jpg,1134942
ID_39eaca3f9.jpg,1017629
ID_b72c890d4.jpg,868654
ID_cd7bcfa8b.jpg,939553
ID_3eb37c757.jpg,832449
ID_2e9d7873d.jpg,1254869
ID_9b3b7804f.jpg,880325
ID_ee0cf1694.jpg,1363334
ID_f536129e5.jpg,885632
ID_1147db17f.jpg,956331
ID_e2c9ee153.jpg,924287
ID_e95540f71.jpg,893309
ID_c7a597c8e.jpg,905688
ID_5708c1f07.jpg,875841
ID_ab7e3f51c.jpg,967880
ID_ca4773671.jpg,842537
ID_277d95290.jpg,947146
ID_ccaedecb0.jpg,933340
ID_0a1eb2c76.jpg,1201497
ID_1cdff8207.jpg,992913
ID_f8d54cfb9.jpg,844901
ID_77865d743.jpg,1062309
ID_0c3c5c2f0.jpg,828400
ID_10478e12b.jpg,889189
ID_fd6056bb8.jpg,1118826
ID_6ff92a2e4.jpg,982797
ID_cbcf128fc.jpg,1269643
ID_dee55eafc.jpg,937187
ID_9c0cc2a6c.jpg,941052
ID_16b9c5bed.jpg,855013
ID_55fd39826.jpg,882286
ID_e5548f512.jpg,851801
ID_5e1b2f4d0.jpg,946243
ID_590b5250d.jpg,1045549
ID_ee2a334fc.jpg,930695
ID_1d1a3f99b.jpg,829915
ID_451f5cc4c.jpg,1190975
ID_0cec00e6a.jpg,1089210
ID_8c54998d7.jpg,835323
ID_03324acaf.jpg,861534
ID_65cfe37f1.jpg,1265328
ID_53d3529b8.jpg,941111
ID_337ddc495.jpg,896192
ID_f5d9e450b.jpg,908732
ID_e18083762.jpg,953319
ID_f7b38c86e.jpg,1152290
ID_4b92b6304.jpg,869115
ID_8e60c8ca0.jpg,1140721
ID_9893437e9.jpg,1092381
ID_a6857fa31.jpg,1179295
ID_a74052dd2.jpg,1185341
ID_b77a0da76.jpg,919527
ID_24dda9ba6.jpg,1057523
ID_84e3448f8.jpg,867390
ID_5f8f50a1b.jpg,893162
ID_c4d6092c0.jpg,1164023
ID_964f42166.jpg,1070307
ID_439c7efcc.jpg,818786
ID_344a4ca3c.jpg,949383
ID_2aa4dacb3.jpg,1328677
ID_68e34810f.jpg,871951
ID_eb77b3897.jpg,901358
ID_8c525a63a.jpg,821683
ID_4dea8ace8.jpg,889636
ID_d75bc1c83.jpg,885603
ID_a1d66132a.jpg,1081346
ID_50f85e5f7.jpg,947905
ID_ba6d90916.jpg,968064
ID_c2f349103.jpg,986711
ID_9286db388.jpg,859204
ID_234c7d522.jpg,1000968
ID_32af9d80d.jpg,1005076
ID_ce8688caa.jpg,821989
ID_139c89f44.jpg,948492
ID_0c74765f2.jpg,1167554
ID_48323ccf1.jpg,842666
ID_4bdc3aca2.jpg,862932
ID_21889c910.jpg,1122254
ID_28728a05f.jpg,880264
ID_70c054389.jpg,1261045
ID_422845f17.jpg,876731
ID_63ed0ec41.jpg,1060625
ID_20dfd9b3d.jpg,1120324
ID_f7c825f96.jpg,1101800
ID_afdfe8461.jpg,986896
ID_3535475ce.jpg,1143555
ID_5c0a455e5.jpg,870438
ID_ae8059c87.jpg,880231
ID_012cb2687.jpg,882803
ID_27bb017bc.jpg,977988
ID_28286ade9.jpg,1479006
ID_7cbfd6812.jpg,1186856
ID_53cd0ac9c.jpg,1165916
ID_2f13142bd.jpg,954739
ID_bfd2b82ca.jpg,1116542
ID_1963b1cc3.jpg,1298161
ID_12edfcf52.jpg,896457
ID_5824850c8.jpg,1058033
ID_3d2145b58.jpg,864081
ID_4ff31a875.jpg,835732
ID_fae569cce.jpg,1244893
ID_cd04150e4.jpg,1310427
ID_be11818da.jpg,909984
ID_44b6e4213.jpg,1151169
ID_1d5831703.jpg,876457
ID_a245bd823.jpg,838395
ID_c00dd75d6.jpg,876654
ID_f4bfa3805.jpg,1033817
ID_6edc7fd37.jpg,1112626
ID_087951c4b.jpg,909473
ID_11d350019.jpg,843145
ID_97fd761ea.jpg,828853
ID_685ca61ce.jpg,1017603
ID_127ee1e57.jpg,853000
ID_ab8571713.jpg,819939
ID_d678778ae.jpg,918403
ID_986dded45.jpg,819788
ID_a8efa4af9.jpg,1070129
ID_33a997e50.jpg,887981
ID_5d4a30bb1.jpg,867289
ID_a8012ccbc.jpg,1243819
ID_4cd447056.jpg,1160171
ID_80a5afc80.jpg,1057276
ID_7d144795a.jpg,1049739
ID_b06a5c779.jpg,882400
ID_f8876166f.jpg,895749
ID_68bb0dbf9.jpg,836559
ID_5bcb13fd0.jpg,1229868
ID_073ee868c.jpg,1116805
ID_d482904bf.jpg,1025564
ID_a087474e6.jpg,874447
ID_6dd7f07a5.jpg,884650
ID_ed70adf16.jpg,847361
ID_7ce5161ad.jpg,999386
ID_a004990a7.jpg,883676
ID_ea0ca7caf.jpg,911556
ID_8f67dca64.jpg,841139
ID_6106a0174.jpg,1515214
ID_2b9586148.jpg,938601
ID_1aa84c163.jpg,1181879
ID_c6ee63100.jpg,886949
ID_829f04ab3.jpg,949996
ID_977ac6231.jpg,938750
ID_acd20715a.jpg,1037594
ID_1db0533c7.jpg,1316492
ID_ebe4d72d4.jpg,1175924
ID_ac747b452.jpg,1199894
ID_8864deae2.jpg,901934
ID_6e3d4f352.jpg,864687
ID_ce65ae585.jpg,1002160
ID_a331399b8.jpg,921804
ID_96f7fd567.jpg,1076875
ID_eb48eabb4.jpg,849029
ID_8e794a38e.jpg,939285
ID_97256e412.jpg,946881
ID_fa14ba788.jpg,859098
ID_441886a76.jpg,849343
ID_4d31ea484.jpg,1336728
ID_c05685eed.jpg,977670
ID_8d114a1eb.jpg,853794
ID_6893638f6.jpg,825537
ID_100495023.jpg,996878
ID_680c49d5c.jpg,995558
ID_f40314c01.jpg,934510
ID_fdd902a5c.jpg,850693
ID_e039e8085.jpg,934727
ID_a1c8c0639.jpg,1215243
ID_b8320e47c.jpg,951782
ID_95fb26cb2.jpg,871404
ID_d79243a51.jpg,964032
ID_2af7dd233.jpg,915149
ID_1e468bfb0.jpg,919394
ID_567a39a77.jpg,918702
ID_610352cfe.jpg,826986
ID_220ced7e9.jpg,1307986
ID_b047ab162.jpg,819327
ID_4d238ae90.jpg,834049
ID_78505f9a7.jpg,844474
ID_7c4368329.jpg,1173126
ID_8ae4d3e1e.jpg,825044
ID_5c4d8a407.jpg,1090145
ID_5537028ee.jpg,1075267
ID_bf4c65dc3.jpg,1184404
ID_43d17a567.jpg,1116741
ID_8c1e9f639.jpg,896544
ID_2657e3dd3.jpg,875093
ID_4c89a0157.jpg,868293
ID_0fbe6e70a.jpg,1228204
ID_570b8dfc1.jpg,921996
ID_90e5a68fb.jpg,937161
ID_5104d92dc.jpg,888810
ID_a6983c284.jpg,1035295
ID_176e41cdf.jpg,898772
ID_1db9691cf.jpg,990468
ID_a695dbeae.jpg,966086
ID_f1fcf51f5.jpg,874988
ID_466f8b27e.jpg,1066363
ID_d07e03a5e.jpg,1141960
ID_ded622ee9.jpg,1176890
ID_8c31c2b38.jpg,1052736
ID_07614d405.jpg,1087982
ID_737d84822.jpg,1249670
ID_c3e6c3231.jpg,971910
ID_d54eb039d.jpg,1016689
ID_284ca9e6e.jpg,1444641
ID_7344a6126.jpg,1195798
ID_5de98ed27.jpg,860572
ID_4b75d6a63.jpg,970966
ID_181adab76.jpg,922787
ID_cf385aa39.jpg,836153
ID_511a17507.jpg,1384096
ID_c74d4703e.jpg,894890
ID_3c133cd95.jpg,949367
ID_e43bb7bbd.jpg,896959
ID_fe56ea6db.jpg,864032
ID_6e8c4d898.jpg,1151034
ID_b4b49515c.jpg,944040
ID_44b773b50.jpg,1354970
ID_3d57d246f.jpg,1069592
ID_00227cf02.jpg,1059943
ID_817e2ef01.jpg,1172466
ID_61140309c.jpg,889998
ID_a21e12d90.jpg,878453
ID_fec25c237.jpg,860923
ID_c6eff718b.jpg,925052
ID_58104ab68.jpg,1088121
ID_0c226be04.jpg,831938
ID_5b03be418.jpg,863881
ID_8b521d99d.jpg,937578
ID_8471bfbfb.jpg,842565
ID_f31750d23.jpg,871977
ID_eb0507707.jpg,1150965
ID_c04178b13.jpg,939180
ID_5116e4436.jpg,819846
ID_3df301b88.jpg,960776
ID_698df221e.jpg,832596
ID_d622b9d15.jpg,887395
ID_d69b4e82a.jpg,1110872
ID_a74b40d1b.jpg,857674
ID_ff8a431ea.jpg,862466
ID_7d6c5a529.jpg,1191039
ID_3999abbfd.jpg,902510
ID_b3a989047.jpg,1295511
ID_25d0ae8f9.jpg,1103921
ID_310413949.jpg,972182
ID_ba65b6275.jpg,898022
ID_feb6e5c8a.jpg,974736
ID_7be3ff263.jpg,990191
ID_58e0f1b42.jpg,894679
ID_fa9a8db96.jpg,987390
ID_055f1b4fa.jpg,855988
ID_cefb6ecfb.jpg,843132
ID_2fae9601e.jpg,1035243
ID_ec571fde0.jpg,940651
ID_b2c5a740e.jpg,904633
ID_67faef8ba.jpg,834023
ID_c435e081e.jpg,831252
ID_193b97643.jpg,1025070
ID_c709928b7.jpg,851778
ID_ecc31d987.jpg,1048437
ID_9a2a51f1c.jpg,1248901
ID_43cf41679.jpg,879306
ID_c3d7192b5.jpg,828187
ID_6367c3fff.jpg,915292
ID_ce1111b61.jpg,938649
ID_aa2ee5544.jpg,939872
ID_67d4b85d9.jpg,960141
ID_c9e81474a.jpg,820310
ID_cdbc00f91.jpg,1293727
ID_f6b08db36.jpg,860895
ID_84c352844.jpg,868215
ID_336a47643.jpg,959893
ID_4e8a17a7a.jpg,1072890
ID_e2178a1d7.jpg,867319
ID_71e0cae6c.jpg,1001206
ID_57085da35.jpg,848622
ID_dc906a5d2.jpg,1263694
ID_0d6f011a9.jpg,853785
ID_f35236347.jpg,851513
ID_b402b240c.jpg,1161247
ID_4abf04a3b.jpg,871263
ID_6d83730be.jpg,1146584
ID_ac864de6d.jpg,970360
ID_f20c06a22.jpg,984972
ID_b2fc43201.jpg,1133131
ID_6a4859efe.jpg,916652
ID_459077490.jpg,902782
ID_af0603b16.jpg,906596
ID_fe16c9a38.jpg,1122450
ID_a2a4dad88.jpg,820501
ID_6c390fafd.jpg,839901
ID_04f00d1f3.jpg,991045
ID_5e8dda242.jpg,874658
ID_49c1dca66.jpg,951530
ID_b3b17dd2f.jpg,913121
ID_1d9f515e5.jpg,937732
ID_d342d20b3.jpg,1418583
ID_2803cf7b5.jpg,966335
ID_44216a613.jpg,968999
ID_bdd08f0f8.jpg,1179655
ID_b745d0bf8.jpg,973232
ID_f36b7c853.jpg,1423534
ID_065339bf7.jpg,1072522
ID_1ea8b0007.jpg,966139
ID_9286cdab9.jpg,934831
ID_87ef7b1c1.jpg,962375
ID_98ea4135e.jpg,1379636
ID_69413901c.jpg,939477
ID_b18025eb7.jpg,823022
ID_05b615ca7.jpg,903139
ID_c9802301e.jpg,1015277
ID_f15d0d1c1.jpg,1087271
ID_e63034e97.jpg,966715
ID_b01d5bea8.jpg,1313483
ID_c2e4e24da.jpg,1038926
ID_75004f45a.jpg,908234
ID_a7a35f718.jpg,971283
ID_a46c46020.jpg,897982
ID_f64d7556e.jpg,837256
ID_f32ea4926.jpg,910093
ID_af752bbe3.jpg,953295
ID_12e94fdaf.jpg,911776
ID_7c4a3e0aa.jpg,1150821
ID_db361c59e.jpg,946387
ID_b6628f61c.jpg,935239
ID_a9cf882de.jpg,1124323
ID_b1818d324.jpg,1229104
ID_3553e493e.jpg,960497
ID_7686cd4c0.jpg,866024
ID_96bd777a3.jpg,860414
ID_168d8bddb.jpg,1193760
ID_65e372973.jpg,845533
ID_6e223caf2.jpg,1148694
ID_240bf33b7.jpg,831016
ID_b99c98ba9.jpg,832738
ID_8330137fb.jpg,847667
ID_eb7c2c9fa.jpg,827158
ID_0f038632e.jpg,875231
ID_5b0187737.jpg,861736
ID_0ff79a100.jpg,1042827
ID_b81dca58f.jpg,911727
ID_89853791b.jpg,819977
ID_2fea090a4.jpg,881297
ID_36cc638b0.jpg,986691
ID_d704b55af.jpg,914629
ID_5ce45c160.jpg,908145
ID_a3cae88ce.jpg,994066
ID_be5faedf0.jpg,902364
ID_ffe355680.jpg,846596
ID_3282e2c6e.jpg,972720
ID_1fdcb3dc6.jpg,866813
ID_c0afcce7e.jpg,893763
ID_77b0bf378.jpg,909572
ID_68f65e8f2.jpg,1239362
ID_d54fc9d86.jpg,1119810
ID_e007ee87a.jpg,997301
ID_02547a8ae.jpg,892451
ID_0edd36ff6.jpg,1052567
ID_60ca5baff.jpg,1043875
ID_a08bc7b32.jpg,857906
ID_e5959c815.jpg,987492
ID_9ff1f9bfb.jpg,1075131
ID_699827ec3.jpg,893380
ID_4a637b914.jpg,931306
ID_fb0c0d68b.jpg,895750
ID_91a68269b.jpg,849666
ID_0ea9bc3a5.jpg,1066837
ID_8e3514d29.jpg,859562
ID_0dd0d5ace.jpg,1001310
ID_cd37c0a23.jpg,920771
ID_95f98c76f.jpg,1056069
ID_4687a465b.jpg,878146
ID_8a0ce09cf.jpg,887415
ID_0be7ae789.jpg,836184
ID_a5177d705.jpg,912130
ID_92b7b1bf2.jpg,1120520
ID_56d8e3727.jpg,927703
ID_fb196974d.jpg,1055445
ID_c8d2801b8.jpg,903762
ID_77eb01dff.jpg,905067
ID_afb7479d8.jpg,1182934
ID_db25c79af.jpg,947131
ID_054213276.jpg,944650
ID_ad2133f1e.jpg,1072026
ID_406f73b8e.jpg,830908
ID_cf1ab9cc0.jpg,835561
ID_27dbc843f.jpg,1094243
ID_0a5e3d3dc.jpg,1003297
ID_a8650f7bc.jpg,959391
ID_77c07e601.jpg,1148106
ID_34821aed0.jpg,1166734
ID_8e41c194b.jpg,1217453
ID_5be0a526c.jpg,982460
ID_71164c6a8.jpg,1166066
ID_d2ec79810.jpg,858623
ID_7dc1386e7.jpg,1125153
ID_de53777e3.jpg,1040168
ID_9aadf2e49.jpg,1046741
ID_78cde9200.jpg,1003525
ID_53f11272c.jpg,1082431
ID_3f2837eab.jpg,1111770
ID_2c35ebcee.jpg,835818
ID_4593c6b86.jpg,885915
ID_08c2aa2d9.jpg,1009660
ID_3fea5815f.jpg,1080262
ID_76795cd0e.jpg,1024041
ID_40daf2ad9.jpg,880329
ID_7d45af237.jpg,997992
ID_f02fe31b2.jpg,1137508
ID_882e1dc7f.jpg,1043862
ID_b488a23cd.jpg,878608
ID_a7c9050b8.jpg,895822
ID_9c5cc4a37.jpg,1137244
ID_17fc742a9.jpg,910837
ID_c39b6aa8d.jpg,917728
ID_d0550c716.jpg,975053
ID_a0d2d33a3.jpg,876241
ID_5a3630d37.jpg,912406
ID_ca68a4755.jpg,1081965
ID_d9144c0e7.jpg,1004726
ID_e4dc75f35.jpg,904610
ID_e136bfe06.jpg,1097881
ID_d893fecfb.jpg,887930
ID_ea0cb1344.jpg,852594
ID_faaf92ad0.jpg,1065041
ID_d83031cf5.jpg,994540
ID_00b7fb303.jpg,1037519
ID_f3a70f246.jpg,1107782
ID_8893d35ca.jpg,915040
ID_b4d6b176b.jpg,851091
ID_483f5669e.jpg,1081216
ID_ca8fb6a18.jpg,896233
ID_3c1fcad73.jpg,1416448
ID_7bb861e73.jpg,883737
ID_01021ce21.jpg,1061017
ID_587f13689.jpg,959735
ID_e39c44054.jpg,904503
ID_200721cd7.jpg,833367
ID_fa61068ea.jpg,950440
ID_075c0e11e.jpg,1231808
ID_1fd3c2c3d.jpg,1244297
ID_3ffd42e9d.jpg,858839
ID_1e47b9162.jpg,1054280
ID_f624a4838.jpg,983270
ID_663afcac5.jpg,887459
ID_45fdfb251.jpg,1034294
ID_fe312473d.jpg,1192522
ID_9710d5c22.jpg,925013
ID_1e500ad09.jpg,1156134
ID_f20251898.jpg,957950
ID_fe5acc7a0.jpg,1254701
ID_87f827882.jpg,968218
ID_1b53f57ae.jpg,1065522
ID_53f7b8cab.jpg,906331
ID_657eb589c.jpg,999969
ID_8c61b6f15.jpg,997601
ID_a3677fb9f.jpg,1119227
ID_fe447d689.jpg,1095817
ID_874564ca7.jpg,1048371
ID_60c4f818f.jpg,829829
ID_2046207d5.jpg,976780
ID_ab5217907.jpg,951404
ID_ecaac434b.jpg,893259
ID_3a37df438.jpg,825322
ID_1c5a74ad4.jpg,955038
ID_2ad1fc1b3.jpg,1095138
ID_aa9cc40fc.jpg,979833
ID_0e4684e26.jpg,941912
ID_3ed73e14c.jpg,1149813
ID_f0b5ade72.jpg,1233167
ID_32a454f86.jpg,897535
ID_42fff9c89.jpg,875944
ID_99efe8dd7.jpg,871650
ID_2563fd2b2.jpg,1081756
ID_9737701f1.jpg,863646
ID_6446069bb.jpg,821523
ID_ad849b5be.jpg,826447
ID_005254112.jpg,875135
ID_89449e126.jpg,1218878
ID_13e312ca9.jpg,1029134
ID_7f13c4118.jpg,924416
ID_5712ae97e.jpg,924914
ID_789fe31ca.jpg,1327210
ID_e21e6fa83.jpg,1142693
ID_be0ac0392.jpg,1044518
ID_27846370b.jpg,987043
ID_860f2f283.jpg,1075746
ID_7b33986c7.jpg,954246
ID_4867a437c.jpg,966668
ID_6e58b0db4.jpg,1478789
ID_2ebb8e755.jpg,966783
ID_5212cff85.jpg,1463530
ID_1a10eff59.jpg,1044419
ID_b3ad2d375.jpg,925848
ID_9bfc219ff.jpg,836967
ID_c259ab54c.jpg,855804
ID_cbfa4fa77.jpg,944288
ID_d0b0a22d1.jpg,936892
ID_2358bdd77.jpg,882238
ID_91b2a1bb9.jpg,1206417
ID_1ebe96996.jpg,834005
ID_1ff10cb8b.jpg,1085274
ID_4be7591c9.jpg,1033754
ID_6dedebc94.jpg,1027914
ID_0e1e01ae8.jpg,832768
ID_4a9c25597.jpg,1051442
ID_3a75649f5.jpg,963262
ID_555a69ab8.jpg,867032
ID_1a17ab455.jpg,864682
ID_297d3bc4c.jpg,861880
ID_a9c067090.jpg,1165750
ID_bbacdbe56.jpg,1143398
ID_2e17499b9.jpg,895540
ID_384ba0c53.jpg,1162529
ID_6d3eba2d2.jpg,840219
ID_7bf633c45.jpg,1012146
ID_cfe862fea.jpg,1042446
ID_65ef8a968.jpg,1002988
ID_21b599c7e.jpg,1414514
ID_b722b821a.jpg,898544
ID_6b1b20a14.jpg,952050
ID_7f1cefbdf.jpg,1129558
ID_b2929f3e7.jpg,1104785
ID_d8511db0f.jpg,1409391
ID_5b8392697.jpg,906054
ID_e83079b9f.jpg,837551
ID_5c0adecd4.jpg,1148148
ID_e1e038cd5.jpg,858815
ID_aeae4c062.jpg,824623
ID_5150d3895.jpg,935945
ID_6d76bc08e.jpg,852079
ID_f3d4a3c23.jpg,1211236
ID_a4d2eb50d.jpg,852178
ID_f912ba54b.jpg,831289
ID_12cd51365.jpg,833723
ID_e737d21a0.jpg,971753
ID_5859c928f.jpg,895954
ID_47591d34f.jpg,1124544
ID_1606f0fcb.jpg,890081
ID_4e3bc8c4c.jpg,838009
ID_15e23aed0.jpg,1156552
ID_a38d7e70d.jpg,1033210
ID_a4e461225.jpg,843224
ID_31903da16.jpg,1073473
ID_9b003429a.jpg,947865
ID_aa51f342c.jpg,1256344
ID_e5d1c1ebb.jpg,888742
ID_e41ceff1c.jpg,973865
ID_27e3334a1.jpg,1362024
ID_58c59a8f4.jpg,910022
ID_1435bb876.jpg,1174644
ID_9155829ff.jpg,874312
ID_f599f6b83.jpg,1508616
ID_92bb32379.jpg,915674
ID_062cdea46.jpg,871103
ID_c850ff020.jpg,864774
ID_7c1a543f9.jpg,910703
ID_44b5119ef.jpg,1229196
ID_0dbd7f5c2.jpg,954842
ID_5cde1511c.jpg,1064821
ID_c671f55b5.jpg,1331023
ID_a94231bd5.jpg,923762
ID_fa5bea524.jpg,1131158
ID_040aae8e3.jpg,847010
ID_56f04da06.jpg,1253633
ID_7934bb9a5.jpg,824198
ID_ae2dd8369.jpg,1215868
ID_dacbf989e.jpg,1040170
ID_e17ea1f64.jpg,869795
ID_0645310c8.jpg,974445
ID_0f6cc5f5d.jpg,1098731
ID_ea0036630.jpg,1030875
ID_66effe67e.jpg,856096
ID_637f71122.jpg,1162650
ID_becda64dd.jpg,832112
ID_8c3276ad9.jpg,978723
ID_22bad17a3.jpg,1040705
ID_cc0f91f19.jpg,842344
ID_272ffb0d5.jpg,929285
ID_614db2c55.jpg,875877
ID_8997a84c4.jpg,1118260
ID_3909fe800.jpg,1262454
ID_db0cf4a71.jpg,925604
ID_f13d0936a.jpg,822158
ID_bb333df1b.jpg,982867
ID_b98fdb755.jpg,1006562
ID_2665a7e42.jpg,872832
ID_ad64ab38e.jpg,935550
ID_67d20d918.jpg,825582
ID_d8a052479.jpg,1197468
ID_4f6d69b8b.jpg,1085941
ID_7971725c5.jpg,861569
ID_6d5606251.jpg,952404
ID_b9203cbc5.jpg,973183
ID_aa645dfab.jpg,1110101
ID_43744e064.jpg,1030995
ID_3d2e8b232.jpg,973329
ID_ffed14e02.jpg,1024512
ID_52822621e.jpg,978001
ID_0a3c2c009.jpg,936464
ID_3ca6749a0.jpg,1057005
ID_6d9205957.jpg,824663
ID_a175115c1.jpg,896786
ID_6992db8ee.jpg,853632
ID_272658681.jpg,1199037
ID_42d583993.jpg,1340771
ID_4b29ca144.jpg,825639
ID_e1407b0f5.jpg,1057016
ID_87da04061.jpg,979951
ID_e6d53cdc6.jpg,931229
ID_e467d99ce.jpg,1141471
ID_759237204.jpg,851427
ID_e2bd06410.jpg,963788
ID_b5e915319.jpg,1133471
ID_fe31480ff.jpg,1100623
ID_8628215e3.jpg,1029209
ID_d711cfe74.jpg,1123867
ID_6ee33cb3b.jpg,1003700
ID_83d7abe69.jpg,857271
ID_f078da1c2.jpg,943822
ID_1f5310085.jpg,882984
ID_a8a5c0785.jpg,823956
ID_7ea77efdf.jpg,953052
ID_a0edce5fb.jpg,822886
ID_499660405.jpg,980286
ID_e8c78237d.jpg,828143
ID_7e59a42ae.jpg,1141411
ID_96a20096b.jpg,821850
ID_2017fd274.jpg,982851
ID_5fafab4ad.jpg,1050710
ID_06401ce35.jpg,852236
ID_e02bb6f9f.jpg,1258061
ID_ec8b97281.jpg,868556
ID_86a1cdc98.jpg,931684
ID_c31c5a41f.jpg,855729
ID_a14629449.jpg,973371
ID_f27e832e3.jpg,923208
ID_e79b85e20.jpg,1045732
ID_16cf66ca7.jpg,894474
ID_0c3834736.jpg,1029564
ID_6cc6459a3.jpg,1091870
ID_3baf05dab.jpg,874930
ID_8c691d248.jpg,914362
ID_dd5d5fe17.jpg,1162613
ID_3c650b291.jpg,873609
ID_e50f1212c.jpg,896000
ID_0f3295236.jpg,1060568
ID_a21f06a88.jpg,1302485
ID_3e5611107.jpg,846785
ID_1ba1048e7.jpg,847953
ID_6f9bcfd1f.jpg,996242
ID_d005526a7.jpg,835667
ID_d9e6a1192.jpg,1067229
ID_a9ebe394b.jpg,833523
ID_af58ed416.jpg,853922
ID_7915bd106.jpg,953085
ID_b82d69b05.jpg,934015
ID_b6ec028fd.jpg,1141273
ID_528f93c29.jpg,876088
ID_0beb6317a.jpg,833919
ID_8af67654e.jpg,848936
ID_e56d83468.jpg,971983
ID_143ba94ae.jpg,1105921
ID_4683d7966.jpg,900515
ID_90e909712.jpg,844838
ID_a7f98119b.jpg,949783
ID_3f5dd0bfb.jpg,1173056
ID_2f49a683f.jpg,911337
ID_5e8739c82.jpg,1128323
ID_e88b6a073.jpg,986290
ID_a4ccafa03.jpg,826591
ID_40117a32f.jpg,1128431
ID_9235ffb82.jpg,1211915
ID_fe262008f.jpg,1299878
ID_6835ffd24.jpg,1107691
ID_520cba3e0.jpg,818384
ID_374e97d7a.jpg,829873
ID_e8cb5d892.jpg,1196101
ID_05ee4bcba.jpg,1320286
ID_a2fc4534b.jpg,1087260
ID_7f535a8b7.jpg,927613
ID_8bf184918.jpg,872137
ID_43591475c.jpg,1105788
ID_abcb9ca40.jpg,1072252
ID_b067e5cb6.jpg,1097447
ID_3ada5be42.jpg,968893
ID_5689a0303.jpg,821370
ID_d30f7a96e.jpg,1058889
ID_21243a65c.jpg,1084793
ID_224c2021e.jpg,1174113
ID_b59610148.jpg,958741
ID_804d607bf.jpg,842220
ID_db4e47ca7.jpg,876234
ID_9b1b0b7b9.jpg,1304696
ID_80c136173.jpg,891788
ID_bdbf83fd6.jpg,922949
ID_ba5963dd1.jpg,1080487
ID_0ddda042d.jpg,950487
ID_c911be59b.jpg,912481
ID_f5b7e8137.jpg,1070803
ID_fdb989823.jpg,898060
ID_5760c5a00.jpg,992375
ID_7ec29eaad.jpg,1009952
ID_8a0d4b8b0.jpg,978919
ID_fc4120e7e.jpg,1127489
ID_17f45506e.jpg,834312
ID_cc7290959.jpg,944754
ID_166a6b9ba.jpg,943497
ID_5ffc8d5bf.jpg,897748
ID_e7e8d268f.jpg,913511
ID_bec903c9a.jpg,1006747
ID_a8bc0e7c1.jpg,1108904
ID_b42f36ef2.jpg,976516
ID_56392d8cf.jpg,1237154
ID_a3803a364.jpg,903461
ID_0ab58a68f.jpg,1032971
ID_341ee66c3.jpg,837969
ID_529998cdd.jpg,1118305
ID_027a7afd2.jpg,1047687
ID_8afa8bf6e.jpg,1417749
ID_8ed9eef03.jpg,1085266
ID_0676ece6a.jpg,1106687
ID_31c7bc2ba.jpg,889199
ID_9b7c9e798.jpg,1055219
ID_abde05fc3.jpg,959628
ID_8c5850283.jpg,959715
ID_78e70b9e1.jpg,1150919
ID_594a83b49.jpg,1268303
ID_7d9239a52.jpg,861428
ID_30704d393.jpg,928345
ID_e70a5b4b7.jpg,938465
ID_c227d8ef8.jpg,1096621
ID_06b0baf4c.jpg,997318
ID_eca2663f1.jpg,1265939
ID_55fef460c.jpg,878098
ID_b23c5b2f6.jpg,854383
ID_0929bb6fd.jpg,1065926
ID_3ae91033f.jpg,918635
ID_85eae1c19.jpg,827884
ID_b69a0356e.jpg,966991
ID_255841805.jpg,876496
ID_d3ea99883.jpg,1022425
ID_e4a296737.jpg,926373
ID_854ad0dd8.jpg,1009604
ID_0beb902ad.jpg,1261531
ID_0db064a7c.jpg,1094871
ID_b18a9e9f9.jpg,1010833
ID_4367ade5a.jpg,834798
ID_409401881.jpg,841735
ID_c1ec6bedb.jpg,1099585
ID_c0d57e320.jpg,1045173
ID_6ba450cd1.jpg,861703
ID_0b6d81cce.jpg,1004051
ID_46ac5cd7c.jpg,975897
ID_f45cea83d.jpg,822850
ID_2b3f13e61.jpg,833713
ID_b91019c7c.jpg,1100465
ID_a75c42644.jpg,1053197
ID_21aa717ed.jpg,843212
ID_d38ea9f8e.jpg,918389
ID_39c71015e.jpg,941695
ID_3bdb9f525.jpg,905128
ID_50997c24e.jpg,942074
ID_fca1e7054.jpg,912425
ID_20b9820f0.jpg,845228
ID_6f3a576c2.jpg,877347
ID_056254a62.jpg,961941
ID_146b29d8a.jpg,869997
ID_e627cfac3.jpg,900999
ID_f9aafbbcd.jpg,1134065
ID_366cb4f4e.jpg,1024785
ID_8bc17903f.jpg,947908
ID_3d37f4b19.jpg,1157301
ID_33d42e307.jpg,845342
ID_9fc79c156.jpg,867301
ID_bf3beece5.jpg,1008329
ID_27f9ecfe1.jpg,1022577
ID_cb7fa189b.jpg,869767
ID_25c365674.jpg,1004468
ID_e6efd55cc.jpg,876431
ID_003a40ef3.jpg,1182849
ID_a4c618cd2.jpg,916286
ID_e455b321b.jpg,849686
ID_ec7088f95.jpg,982268
ID_865e890d6.jpg,883376
ID_472ef65a8.jpg,966514
ID_e429cdfe5.jpg,819450
ID_004e5670f.jpg,1176146
ID_956fa5a43.jpg,1017712
ID_044fbdda4.jpg,906837
ID_348265e8b.jpg,933639
ID_6448b7be0.jpg,902952
ID_0e6c355d9.jpg,1422040
ID_33013d6c6.jpg,1104645
ID_b44d7af04.jpg,906188
ID_67a30d8bc.jpg,881866
ID_8c9d65046.jpg,826542
ID_2a663330c.jpg,919657
ID_1e6124fbd.jpg,1106754
ID_eac545ee7.jpg,920719
ID_8088d8899.jpg,889198
ID_9d632a4b3.jpg,827778
ID_138f4b5b8.jpg,1274138
ID_385ee3357.jpg,848292
ID_c61789796.jpg,907022
ID_7283ecf01.jpg,879632
ID_151e4cc34.jpg,1064435
ID_593a711f9.jpg,826313
ID_86ad8d787.jpg,954146
ID_64b9a8802.jpg,967619
ID_c99be8b3c.jpg,1130291
ID_356fdc277.jpg,1033087
ID_f9a5d1fd4.jpg,1144109
ID_aed98a12b.jpg,1019157
ID_e13896fe3.jpg,1027124
ID_b4755a0f5.jpg,1138655
ID_11124dbb9.jpg,925908
ID_bc40c227f.jpg,855437
ID_1575227e5.jpg,998685
ID_25540cb5f.jpg,1269356
ID_080f50978.jpg,971205
ID_0f128c40b.jpg,883766
ID_2c4f0afc6.jpg,831590
ID_24a0e18ef.jpg,828057
ID_6e2d28846.jpg,1211544
ID_a84197ea0.jpg,1470845
ID_6b2b601c7.jpg,1055241
ID_ad7e265b8.jpg,867131
ID_36135dd54.jpg,1009393
ID_0c6073510.jpg,966053
ID_9b1b53270.jpg,836771
ID_779309865.jpg,878693
ID_36465e439.jpg,1380146
ID_f5ee170e9.jpg,949666
ID_c6b7e98ef.jpg,820892
ID_b11520d57.jpg,1029185
ID_436cc5d7c.jpg,1191604
ID_4db3f55a5.jpg,1025417
ID_3f9ee70ee.jpg,1090690
ID_e35cf2bba.jpg,928833
ID_7aff85819.jpg,953675
ID_ef08d8085.jpg,867284
ID_28683d8f8.jpg,1034322
ID_d332bb8a2.jpg,1067015
ID_013a2bd2a.jpg,1066931
ID_a9580c8fb.jpg,1150765
ID_f69bdc18c.jpg,1085484
ID_eb76f3fbf.jpg,917367
ID_66bfef6ac.jpg,994517
ID_32bfbf7e1.jpg,1014784
ID_105f25107.jpg,826386
ID_8d7fe7c85.jpg,851685
ID_9161dc66d.jpg,1192986
ID_3f8a75872.jpg,984791
ID_65ce388a5.jpg,910680
ID_5b95b56cc.jpg,873897
ID_089833489.jpg,973873
ID_16c898d16.jpg,894113
ID_084c22fdc.jpg,870088
ID_fa319940a.jpg,1370213
ID_7a595db23.jpg,872685
ID_ed3555819.jpg,1118635
ID_08f087c14.jpg,989235
ID_82ba37a6e.jpg,918549
ID_6502e3a9d.jpg,888359
ID_1e47a8f2b.jpg,1173210
ID_66336cf99.jpg,1054009
ID_60b926244.jpg,933554
ID_01f9f8e4e.jpg,892793
ID_20b6a627b.jpg,996348
ID_7924602f8.jpg,893941
ID_86888ebef.jpg,917621
ID_e7771cd6a.jpg,863169
ID_87ac774ca.jpg,1098711
ID_9434382ed.jpg,933518
ID_062a1b5b4.jpg,832786
ID_e112cdc4e.jpg,846164
ID_7b50cc7fe.jpg,997419
ID_2cd753596.jpg,847200
ID_59e3c283d.jpg,859312
ID_83b367981.jpg,1004127
ID_8a7424bf2.jpg,927553
ID_beaf86342.jpg,868173
ID_237be0fb3.jpg,1072157
ID_2b62cd1e4.jpg,888508
ID_fee2a88d6.jpg,914966
ID_08fe5e3ea.jpg,929648
ID_bbed26900.jpg,1161818
ID_f7dbb67d2.jpg,1441099
ID_db6c504a9.jpg,950513
ID_b9d1c59d7.jpg,1137833
ID_2c0faa764.jpg,896836
ID_2f8c6c0bf.jpg,827813
ID_0526572b6.jpg,883981
ID_95193f39b.jpg,1020720
ID_414644c8e.jpg,943523
ID_382a27acf.jpg,1007158
ID_b60dfa2a9.jpg,1219945
ID_b8f325b1a.jpg,999623
ID_cc8193c00.jpg,958083
ID_23a3ee6e9.jpg,1210201
ID_8571ea2c3.jpg,892154
ID_f1513e201.jpg,1463669
ID_19e2760ce.jpg,962381
ID_b5ebe839b.jpg,1162832
ID_f848ca93c.jpg,1057446
ID_5edc91b35.jpg,962563
ID_7ac42b70a.jpg,838450
ID_6771fcdc2.jpg,889783
ID_a4b2595e3.jpg,1271120
ID_97d510a24.jpg,1059093
ID_08690d251.jpg,911809
ID_5eecaa940.jpg,848210
ID_fc9d4fc78.jpg,857864
ID_53fdae1fd.jpg,1008572
ID_ad4474603.jpg,893558
ID_bc2f18f9f.jpg,1097022
ID_c6db00fc7.jpg,943934
ID_689f2f6bc.jpg,1132180
ID_aaa631d29.jpg,829821
ID_1cc8e893f.jpg,922968
ID_2d11bdde9.jpg,1126152
ID_b0117826f.jpg,938443
ID_9acfa0ebb.jpg,968337
ID_64a2675ac.jpg,939295
ID_50e5a474e.jpg,859570
ID_bbbee4bb0.jpg,977793
ID_d996dd79d.jpg,993223
ID_6d93a0eb2.jpg,818589
ID_2d639a8c9.jpg,843390
ID_df19faf6a.jpg,943925
ID_c315ecda5.jpg,929783
ID_9b03241ce.jpg,1084712
ID_ea87260d5.jpg,823096
ID_7761576dd.jpg,1176438
ID_a0e6ffd46.jpg,1005930
ID_31024a41a.jpg,871502
ID_7a4ea3d6d.jpg,1242412
ID_17f702b5d.jpg,1013042
ID_c12f6d3e3.jpg,879879
ID_b6fd59160.jpg,1065433
ID_55fe0afa5.jpg,908403
ID_ca38874e7.jpg,851693
ID_9194bc8ae.jpg,824327
ID_cfd1eec3e.jpg,959120
ID_bfb11f0cc.jpg,909291
ID_57969b8e5.jpg,1211993
ID_1961516e5.jpg,843956
ID_58482df51.jpg,882838
ID_aa34d4b9b.jpg,1305604
ID_86b4bba88.jpg,900892
ID_6f93c0e91.jpg,1110168
ID_5ab32a88c.jpg,912499
ID_23877eb4e.jpg,850983
ID_ac7309e75.jpg,923707
ID_34805f502.jpg,842607
ID_b9725cf16.jpg,1064140
ID_0d4c6e949.jpg,957071
ID_89073c248.jpg,1184862
ID_8a6e65317.jpg,1065547
ID_87979afeb.jpg,886288
ID_c2034dea3.jpg,934077
ID_418369e82.jpg,822541
ID_288faa743.jpg,850959
ID_6682cb3ca.jpg,890784
ID_576f20ce1.jpg,850485
ID_df3a1dfa3.jpg,880990
ID_4f1c287fe.jpg,969859
ID_341d83790.jpg,1343119
ID_9db0c69dd.jpg,1122943
ID_395912823.jpg,868054
ID_cb1b266e2.jpg,1068904
ID_2be0818ab.jpg,1045404
ID_6420c1f2e.jpg,1146394
ID_7860db345.jpg,1043220
ID_956e2ab4f.jpg,849893
ID_6ba535f82.jpg,878042
ID_a7ee4f05e.jpg,924421
ID_4d2006e13.jpg,940841
ID_8bfd3a788.jpg,1244907
ID_b63f4b0ef.jpg,961973
ID_622a353c5.jpg,1408578
ID_f7e3fd7ef.jpg,818467
ID_ecda2ba44.jpg,976467
ID_3f56adea2.jpg,980959
ID_a7960d957.jpg,892279
ID_6ef547186.jpg,1392794
ID_944a55db1.jpg,1413892
ID_63d93ffd8.jpg,925219
ID_52b9fa299.jpg,1033185
ID_0d2ea6e37.jpg,1099460
ID_ed8b1819f.jpg,982198
ID_44e4eb246.jpg,856359
ID_2d9cba4f6.jpg,948067
ID_956ce0d9b.jpg,900041
ID_bf7831331.jpg,1394078
ID_b96dca014.jpg,818857
ID_422d5d2d1.jpg,1044154
ID_e732e107b.jpg,1445811
ID_69552ee9c.jpg,1050337
ID_0ad448f58.jpg,930134
ID_2e46a84c1.jpg,928125
ID_3d9cbb006.jpg,927781
ID_f681b269f.jpg,898610
ID_b38511e47.jpg,830557
ID_d37211347.jpg,1090122
ID_31c9b44ed.jpg,984658
ID_5a30cd477.jpg,968378
ID_8ab0251db.jpg,1002480
ID_e274b8f83.jpg,1049881
ID_ffaf41103.jpg,933616
ID_1e69f06f9.jpg,1128074
ID_0449ab8fd.jpg,848669
ID_94853b9ec.jpg,913643
ID_5bf244d07.jpg,1017315
ID_15d139709.jpg,1491671
ID_46fbe339f.jpg,848708
ID_c446957ed.jpg,1100869
ID_4bf32fb80.jpg,868817
ID_80989a263.jpg,1243583
ID_acc7e1702.jpg,976032
ID_7c451b22d.jpg,831296
ID_46b2896ff.jpg,1079045
ID_296fdb6f0.jpg,1100678
ID_59c05405c.jpg,1185236
ID_91f87d9d1.jpg,1033714
ID_d4f37cc62.jpg,1081174
ID_bac0c98cd.jpg,846441
ID_c415509c1.jpg,859181
ID_54f5fc71f.jpg,839899
ID_7d9650bed.jpg,876343
ID_36e56f51c.jpg,1078641
ID_3a4bbd4b0.jpg,904263
ID_018328c9c.jpg,899861
ID_8be918215.jpg,1021153
ID_7aa0ab38f.jpg,836226
ID_71d3a6b3f.jpg,1040599
ID_058abf604.jpg,840069
ID_5e781321b.jpg,1132573
ID_001d6829a.jpg,902639
ID_61e1898df.jpg,923830
ID_caf021225.jpg,883279
ID_4a5748200.jpg,856875
ID_e452ff65d.jpg,887099
ID_07768e7f7.jpg,1202237
ID_d11b1d009.jpg,1066079
ID_555862f32.jpg,976285
ID_04b6ac5e5.jpg,969410
ID_668a04ae7.jpg,937019
ID_0e8575fa6.jpg,1153992
ID_b7d1cb4c0.jpg,1079434
ID_361c091a4.jpg,914356
ID_23829fe2a.jpg,1101394
ID_972e7b8da.jpg,839087
ID_4e7f1973f.jpg,987406
ID_6b78f8c9b.jpg,900869
ID_7c6f5f6ca.jpg,894251
ID_b5dc26939.jpg,832168
ID_1999843c2.jpg,848442
ID_f6f4c96aa.jpg,883028
ID_0754cf9af.jpg,987522
ID_e11e99330.jpg,846670
ID_09658d7d6.jpg,1254470
ID_1864b7ef6.jpg,1161471
ID_e446c7c40.jpg,839519
ID_63a4e2531.jpg,831544
ID_97714ea77.jpg,1114838
ID_f9b2c4de5.jpg,1024059
ID_c07e0d18c.jpg,909715
ID_de1cec1dd.jpg,985416
ID_bbe62ed9c.jpg,904443
ID_b90caa725.jpg,973740
ID_b42125d61.jpg,1267533
ID_bd3a54df1.jpg,1455387
ID_1879bd6eb.jpg,934403
ID_07c7d690a.jpg,1032057
ID_02b082818.jpg,1115399
ID_823bcab6b.jpg,853426
ID_851173d41.jpg,1104209
ID_1df1995de.jpg,936368
ID_ce3f73f0d.jpg,1152696
ID_c453e0a77.jpg,895903
ID_d97b56c4f.jpg,1085359
ID_babd1f407.jpg,1026178
ID_6c227e4bb.jpg,920328
ID_e1b15edfd.jpg,1271459
ID_feb7726ac.jpg,1021508
ID_6f661b802.jpg,971616
ID_12104686a.jpg,968982
ID_e70dfc40c.jpg,869273
ID_c0d05afdb.jpg,1449394
ID_750c68912.jpg,968957
ID_1b60ad0a8.jpg,1009637
ID_94d690cbd.jpg,929924
ID_3f658c1f9.jpg,897470
ID_2e03e9d63.jpg,876831
ID_c8303bad2.jpg,1182152
ID_2c4df84fe.jpg,1003527
ID_84a933419.jpg,855189
ID_f915cb8b4.jpg,1229334
ID_53c3fe91a.jpg,1005211
ID_cf4e0b3b4.jpg,1164936
ID_d0af23855.jpg,894773
ID_309d86810.jpg,861904
ID_73f9e548e.jpg,1071588
ID_23b703384.jpg,992497
ID_e00f10362.jpg,902620
ID_b755fba35.jpg,978924
ID_29625d055.jpg,913834
ID_212f2ea9c.jpg,1183225
ID_d82d8b697.jpg,915633
ID_e59604e7e.jpg,835987
ID_af3e9a3d7.jpg,829431
ID_9074bea80.jpg,821959
ID_584a5506b.jpg,930367
ID_d04e8d323.jpg,1088969
ID_bd4eb6f82.jpg,849587
ID_400e4348a.jpg,971149
ID_3f1c8f602.jpg,844299
ID_593cbbf62.jpg,889014
ID_d200ac60c.jpg,1009154
ID_2a55872e5.jpg,910286
ID_3378182e7.jpg,831138
ID_4c737178b.jpg,914632
